link,shopid,itemid,model,name,stok,brand,harga_discount,harga,diskon,sold,stock,desc,img1,img2,img3,img4,img5,variant1,variant2,variant3,variant4,variant5
"""https://shopee.co.id/MamaSuka---Rumput-Laut-Panggang-Isi-4--4-5-gr.267130746.4938569785";267130746;4938569785;;"MamaSuka - Rumput Laut Panggang Isi 4 @4,5 gr";315;Mamasuka;15750;21000;25;1631;315;"Rumput Laut Kering Panggang MamaSuka merupakan bahan makanan, berupa lembaran rumput laut yang dipanggang 2 kali dengan minyak zaitun, minyak jagung, dan minyak wijen kemudian ditaburi garam halus. Makanan ini kaya serat, vitamin dan mineral serta rendah kolesterol, karena rumput laut punya manfaat baik untuk kesehatan. Salah satunya meningkatkan kesehatan jantung berkat kandungan asam lemak omega-3 dan antioksidan untuk meningkatkan kesehatan jantung.";148a7fcdf640b7a15b9145d0bad60638.jpg;1e7101fb836777bf703f824cca53d8bb.jpg;b04216cd4b30de6eaf60f85424bae16d.jpg;bff54bba87783e21f27476ed75dc237d.jpg;5693752a49b95fc3da962b79909acbdd.jpg;"' '";"' '";"' '";"' '";"' '"""
"""https://shopee.co.id/-Bundling--Paket-Double-MamaSuka-Rumput-Laut-isi-4---2-pack.267130746.4351552539";267130746;4351552539;;"[Bundling] Paket Double MamaSuka Rumput Laut isi 4 - 2 pack";7;;27499;42000;35;1317;7;"Rumput Laut Kering Panggang MamaSuka merupakan bahan makanan, berupa lembaran rumput laut yang dipanggang 2 kali dengan minyak zaitun, minyak jagung, dan minyak wijen kemudian ditaburi garam halus. Makanan ini kaya serat, vitamin dan mineral serta rendah kolesterol, karena rumput laut punya manfaat baik untuk kesehatan. Salah satunya meningkatkan kesehatan jantung berkat kandungan asam lemak omega-3 dan antioksidan untuk meningkatkan kesehatan jantung.";b54baca6a044c4a5904c7f19132f2dd8.jpg;af8c210fd2f3387f6c0747c36dd7fc8a.jpg;6deb33f15327b163a106fc058390363a.jpg;"' '";"' '";"' '";"' '";"' '";"' '";"' '"""
"""https://shopee.co.id/Paket-Duo---MamaSuka-Rumput-Laut-Panggang-Pedas--4-pcs-.267130746.5255681461";267130746;5255681461;;"Paket Duo - MamaSuka Rumput Laut Panggang Pedas (4 pcs)";2668;Mamasuka;17250;23000;25;1075;2668;"Paket Duo MamaSuka Rumput Laut Panggang - Pedas 4 pcsRumput Laut Kering Panggang Pedas MamaSuka merupakan bahan makanan, berupa lembaran rumput laut yang dipanggang 2 kali dengan minyak zaitun, minyak jagung, dan minyak wijen kemudian ditaburi garam halus. Makanan ini kaya serat, vitamin dan mineral serta rendah kolesterol, karena rumput laut punya manfaat baik untuk kesehatan. Salah satunya meningkatkan kesehatan jantung berkat kandungan asam lemak omega-3 dan antioksidan untuk meningkatkan kesehatan jantung.";b0249053b6bde482a33c8c7dbdc0b650.jpg;1fd08eb779aad16e00580a9981fa9790.jpg;30d6bb106d0f627247c1ff0db97891d9.jpg;"' '";"' '";"' '";"' '";"' '";"' '";"' '"""
"""https://shopee.co.id/MamaSuka-Topokki-Hot-Spicy-134-gr---Ready-To-Cook.267130746.8652477639";267130746;8652477639;;"MamaSuka Topokki Hot Spicy 134 gr - Ready To Cook";19;Mamasuka;13300;22194;40;755;19;"MamaSuka Topokki Creamy 134 GrHidangan instant khas Korea yang praktis, mudah dan lezat ( Rasa Kuliner Korea dalam 5 menit )- Harga ekonomis / kompetitif- Halal- Cepat dan mudah disajikan- Terdapat topping wijen ( semua varian ) dan keju ( untuk varian creamy )- Terdapat 3 varian ( Original - Sweet & Spicy, Creamy, Hot Spicy )1. Rebus 100 ml air ( +- 1/2 gelas ) bersama saus dan tteok                                                                                             2. Masak dengan api sedang sambil diaduk perlahan sampai air mendidih dan saus mengental (+- 5menit )                                                                                              3. Sajikan di atas piring/ mangkok. Taburkan wijen diatas topokkiTips : Untuk campuran dapat ditambahkan sayuran, odeng, telur rebus atau sesuai selera";e0a2d6923ddb797631d21f976aab45dc.jpg;e93c066df0edc95a148d5ac6d9e0fda2.jpg;"' '";"' '";"' '";"' '";"' '";"' '";"' '";"' '"""
"""https://shopee.co.id/MamaSuka-Topokki-Original-134-Gr--Ready-to-Cook-.267130746.3017225989";267130746;3017225989;;"MamaSuka Topokki Original 134 Gr (Ready to Cook)";1224;Mamasuka;17756;22194;20;719;1224;"MamaSuka Topokki Original 134 GrHidangan instant khas Korea yang praktis, mudah dan lezat ( Rasa Kuliner Korea dalam 5 menit )- Harga ekonomis / kompetitif- Halal- Cepat dan mudah disajikan- Terdapat topping wijen ( semua varian ) dan keju ( untuk varian creamy )- Terdapat 3 varian ( Original - Sweet & Spicy, Creamy, Hot Spicy )1. Rebus 100 ml air ( +- 1/2 gelas ) bersama saus dan tteok                                                                                             2. Masak dengan api sedang sambil diaduk perlahan sampai air mendidih dan saus mengental (+- 5menit )                                                                                              3. Sajikan di atas piring/ mangkok. Taburkan wijen diatas topokkiTips : Untuk campuran dapat ditambahkan sayuran, odeng, telur rebus atau sesuai selera";4e3689debb03815e87205ae95061e662.jpg;8f5c25d2ef6157242e161fc4ec9093ce.jpg;"' '";"' '";"' '";"' '";"' '";"' '";"' '";"' '"""
"""https://shopee.co.id/MamaSuka---Tepung-Bumbu-Ala-Resto-900-gr.267130746.4038734271";267130746;4038734271;;"MamaSuka - Tepung Bumbu Ala Resto 900 gr";417;Mamasuka;12800;16000;20;766;417;"Tepung Bumbu Ala Resto merupakan merupakan tepung yang telah diolah dengan bumbu dan rempah asli pilihan yang berkualitas khusus sehingga masak di rumah  serasa masakan dari resep rahasia resto.";3a4ca94d806319e5ac986e58616e8183.jpg;7785ad852f9e174a9492f76d30d1c837.jpg;"' '";"' '";"' '";"' '";"' '";"' '";"' '";"' '"""
"""https://shopee.co.id/MamaSuka---Rumput-Laut-Panggang---Barbeque-Isi-2.267130746.3838045235";267130746;3838045235;;"MamaSuka - Rumput Laut Panggang - Barbeque Isi 2";332;Mamasuka;9200;11500;20;701;332;"Rumput Laut Kering Panggang BBQ MamaSuka merupakan bahan makanan, berupa lembaran rumput laut yang dipanggang 2 kali dengan minyak zaitun, minyak jagung, dan minyak wijen kemudian ditaburi garam halus. Makanan ini kaya serat, vitamin dan mineral serta rendah kolesterol, karena rumput laut punya manfaat baik untuk kesehatan. Salah satunya meningkatkan kesehatan jantung berkat kandungan asam lemak omega-3 dan antioksidan untuk meningkatkan kesehatan jantung.";517240d4e191f59b3cf17fad0d1377f8.jpg;301769a0f2a6382b43912acc4771bf47.jpg;b04216cd4b30de6eaf60f85424bae16d.jpg;bff54bba87783e21f27476ed75dc237d.jpg;5693752a49b95fc3da962b79909acbdd.jpg;"' '";"' '";"' '";"' '";"' '"""
"""https://shopee.co.id/MamaSuka---Rumput-Laut-Panggang---Pedas-Isi-2.267130746.3338044881";267130746;3338044881;;"MamaSuka - Rumput Laut Panggang - Pedas Isi 2";1601;Mamasuka;9200;11500;20;695;1601;"Rumput Laut Kering Panggang Pedas MamaSuka merupakan bahan makanan, berupa lembaran rumput laut yang dipanggang 2 kali dengan minyak zaitun, minyak jagung, dan minyak wijen kemudian ditaburi garam halus. Makanan ini kaya serat, vitamin dan mineral serta rendah kolesterol, karena rumput laut punya manfaat baik untuk kesehatan. Salah satunya meningkatkan kesehatan jantung berkat kandungan asam lemak omega-3 dan antioksidan untuk meningkatkan kesehatan jantung.";1fd08eb779aad16e00580a9981fa9790.jpg;30d6bb106d0f627247c1ff0db97891d9.jpg;5693752a49b95fc3da962b79909acbdd.jpg;bff54bba87783e21f27476ed75dc237d.jpg;b04216cd4b30de6eaf60f85424bae16d.jpg;"' '";"' '";"' '";"' '";"' '"""
"""https://shopee.co.id/MamaSuka-Garam-Reguler-250-gr.267130746.5639237543";267130746;5639237543;;"MamaSuka Garam Reguler 250 gr";336;Mamasuka;2000;0;0;585;336;"Garam Meja MamaSuka merupakan garam konsumsi beryodium yang berkualitas, digunakan sebagai bumbu penyedap maupun ditaburkan pada makanan.";e1bca0e681f26c8f934e6375cc0fbb4e.jpg;de499cb790aac12f6903c8edca50e770.jpg;"' '";"' '";"' '";"' '";"' '";"' '";"' '";"' '"""
"""https://shopee.co.id/MamaSuka---Bon-Nori-30-gr.267130746.7337948190";267130746;7337948190;;"MamaSuka - Bon Nori 30 gr";373;Mamasuka;11600;14500;20;568;373;"Bon Nori MamaSuka rasa original hadir jadi pelengkap menu makanan para Foodlovers! Praktis dan rasanya bikin nagih. Bon Nori ini terbuat dari perpaduan rumput laut panggang, bawang goreng dan wijen yang digunakan sebagai tambahan atau taburan untuk menu makanan.Seperti nasi hangat, mie, soto, bubur ayam, dan lainnya.";8cfbb84bd9de12074601c440f3b03e1f.jpg;6d6a05e663d2eb1133af91d7dd010154.jpg;6617e2db8e14a5ce447f5d4266a4c2ba.jpg;fcb7d5bea54cd1d9068e9a8cfcff37d6.jpg;"' '";"' '";"' '";"' '";"' '";"' '"""
"""https://shopee.co.id/MamaSuka---Sushi-Nori-20-gr.267130746.3638044611";267130746;3638044611;;"MamaSuka - Sushi Nori 20 gr";379;Mamasuka;27560;34450;20;526;379;"Sushi Nori MamaSuka merupakan lembaran rumput laut pilihan yang dibuat khusus untuk keperluan pembuatan sushi, gimbab, dan makanan berbahan dasar rumput laut lainnya. Dengan tekstur rumput laut yang tebal membuat Sushi Nori MamaSuka ini tidak mudah rusak dan mudah dibentuk.";acac542bb78ddf8ff9f1d17edf1294af.jpg;bf34e99a7b01ae577adf5945fb0f8f79.jpg;7f378b040473402c732f2f2a46464452.jpg;c1589d61a8278c60712e7cad6e72dac3.jpg;8415d401197913606e5cf4529ad62409.jpg;"' '";"' '";"' '";"' '";"' '"""
"""https://shopee.co.id/MamaSuka-Topokki-Creamy-134-Gr--Ready-To-Cook-.267130746.8629736714";267130746;8629736714;;"MamaSuka Topokki Creamy 134 Gr (Ready To Cook)";1463;Mamasuka;16645;22194;25;515;1463;"MamaSuka Topokki Creamy 134 GrHidangan instant khas Korea yang praktis, mudah dan lezat ( Rasa Kuliner Korea dalam 5 menit )- Harga ekonomis / kompetitif- Halal- Cepat dan mudah disajikan- Terdapat topping wijen ( semua varian ) dan keju ( untuk varian creamy )- Terdapat 3 varian ( Original - Sweet & Spicy, Creamy, Hot Spicy )1. Rebus 100 ml air ( +- 1/2 gelas ) bersama saus dan tteok                                                                                             2. Masak dengan api sedang sambil diaduk perlahan sampai air mendidih dan saus mengental (+- 5menit )                                                                                              3. Sajikan di atas piring/ mangkok. Taburkan wijen diatas topokkiTips : Untuk campuran dapat ditambahkan sayuran, odeng, telur rebus atau sesuai selera";67c0b2a53954bb2d31517d7852da2d10.jpg;f9aee9890beabb40561369424348631a.jpg;"' '";"' '";"' '";"' '";"' '";"' '";"' '";"' '"""
"""https://shopee.co.id/Paket-Duo---MamaSuka-Rumput-Laut-Panggang-Barbeque--4-pcs-.267130746.6055680188";267130746;6055680188;;"Paket Duo - MamaSuka Rumput Laut Panggang Barbeque (4 pcs)";554;Mamasuka;17250;23000;25;488;554;"Paket Duo MamaSuka Rumput Laut Panggang - Barbeque 4 pcsRumput Laut Kering Panggang BBQ MamaSuka merupakan bahan makanan, berupa lembaran rumput laut yang dipanggang 2 kali dengan minyak zaitun, minyak jagung, dan minyak wijen kemudian ditaburi garam halus. Makanan ini kaya serat, vitamin dan mineral serta rendah kolesterol, karena rumput laut punya manfaat baik untuk kesehatan. Salah satunya meningkatkan kesehatan jantung berkat kandungan asam lemak omega-3 dan antioksidan untuk meningkatkan kesehatan jantung.";e3a14705c346c279d1c0b0848e0b936e.jpg;517240d4e191f59b3cf17fad0d1377f8.jpg;301769a0f2a6382b43912acc4771bf47.jpg;"' '";"' '";"' '";"' '";"' '";"' '";"' '"""
"""https://shopee.co.id/MamaSuka---Lada-Sachet-2-gr.267130746.7938719637";267130746;7938719637;;"MamaSuka - Lada Sachet 2 gr";11846;Mamasuka;750;1500;50;456;11846;"Lada putih MamaSuka merupakan rempah kering dari biji lada putih yang dihaluskan, kemudian dikemas sehingga lebih praktis penggunaannya.";6a6c080c46f16850b4c6d4945f058fbf.jpg;1a0342b930887c47c2164b12aa09923f.jpg;"' '";"' '";"' '";"' '";"' '";"' '";"' '";"' '"""
"""https://shopee.co.id/MamaSuka--Bon-Nori---Bulgogi-30-gr.267130746.12406731827";267130746;12406731827;;"MamaSuka Bon Nori - Bulgogi 30 gr";2888;;7500;15000;50;398;2888;"BARU!!! Bon NoriMamaSukarasa Bulgogi hadir jadi pelengkap menu makanan para Foodlovers! Praktis dan rasanya bikin nagih. Perpaduan Rumput Laut (GIM) dengan rasa Bulgogi yang sangat khas. Bikin kamu jadi makin enak untuk Makan! Bon Nori ini terbuat dari perpaduan rumput laut (GIM) panggang, bawang goreng dan wijen yang digunakan sebagai tambahan atau taburan untuk menu makanan.Seperti nasi hangat, mie, soto, bubur ayam, dan lainnya. Taburan rumput laut (GIM) lebih banyak! Bon Nori Makan apa saja TaburSuka-suka, jadikan makan mu lebik nikmat.";5760b2ebe47a09fb6b8ffb30e7431c23.jpg;476f4466812731832db60147db569330.jpg;"' '";"' '";"' '";"' '";"' '";"' '";"' '";"' '"""
"""https://shopee.co.id/MamaSuka---Tepung-Maizena-150-gr.267130746.5537578681";267130746;5537578681;;"MamaSuka - Tepung Maizena 150 gr";3;Mamasuka;3375;4500;25;387;3;"Tepung Maizena MamaSuka adalah tepung serba guna dari 100% pati jagung bertekstur kental yang bisa digunakan sebagai pengental pada masakan berkuah, perenyah pada kue kering atau sebagai bahan utama membuat aneka vla.";a95ad23f3b23fc72958ef9e460a2eef9.jpg;d4d81c710b58ac25a3c856b73b424b0b.jpg;"' '";"' '";"' '";"' '";"' '";"' '";"' '";"' '"""
"""https://shopee.co.id/MamaSuka---Miwon-Kopi-Ginseng-20-gr.267130746.6638582221";267130746;6638582221;;"MamaSuka - Miwon Kopi Ginseng 20 gr";1;"Tidak Ada Merek";1600;2000;20;368;1;"Kopi Ginseng Miwon merupakan minuman paduan pas yang memadukan rasa otentik kopi dengan takaran rendah kafein dan ginseng Korea sebagai penambah stamina.";a52fa5dfa8f47f8ecdc42cca116365af.jpg;33440a287705304a0c7bc77e8187faec.jpg;71bf2244c0e130afe692068e33047ca4.jpg;12dd252add47fdede565052e2c213dc4.jpg;7a1f26801efda1f0a2cf14c7418db98b.jpg;"' '";"' '";"' '";"' '";"' '"""
"""https://shopee.co.id/MamaSuka---Bumbu-Gulai-16-gr--1-Pack-.267130746.4738542024";267130746;4738542024;;"MamaSuka - Bumbu Gulai 16 gr (1 Pack)";3;Mamasuka;1360;1700;20;357;3;"Bumbu Gulai MamaSuka merupakan bumbu yang diracik untuk membuat gulai, terbuat dari bahan alami berbentuk powder praktis dan lezat.";e7373fa074f5f49b213e1ef1b7eb4b8b.jpg;6871d6c535e7bf999f285ee9349c7aba.jpg;66a387cfff422f3ba85931d69deac352.jpg;413c238c801c2b0a7c7e25cde223d788.jpg;"' '";"' '";"' '";"' '";"' '";"' '"""
"""https://shopee.co.id/MamaSuka--Bon-Nori---Extra-Pedas-30-gr.267130746.10247070813";267130746;10247070813;;"MamaSuka Bon Nori - Extra Pedas 30 gr";836;;7500;15000;50;316;836;"BARU!!! Bon NoriMamaSukarasa Extra Pedas hadir jadi pelengkap menu makanan para Foodlovers! Praktis dan rasanya bikin nagih. Perpaduan Rumput Laut (GIM) dengan rasa Extra Pedas yang bener berasa. Pedasnya nampol, jadi tidak perlu bikin sambal lagi. Bikin kamu jadi makin enak untuk Makan! Bon Nori ini terbuat dari perpaduan rumput laut (GIM) panggang, bawang goreng dan wijen yang digunakan sebagai tambahan atau taburan untuk menu makanan.Seperti nasi hangat, mie, soto, bubur ayam, dan lainnya. Taburan rumput laut (GIM) lebih banyak! Bon Nori Makan apa saja TaburSuka-suka, jadikan makan mu lebik ni";5422c56ed777352481871f4c7f7916b5.jpg;373ec110bb5626bd05c056063abd98d9.jpg;"' '";"' '";"' '";"' '";"' '";"' '";"' '";"' '"""
"""https://shopee.co.id/MamaSuka---Tepung-Bakso-32-gr.267130746.7738521503";267130746;7738521503;;"MamaSuka - Tepung Bakso 32 gr";281;Mamasuka;1600;2000;20;294;281;"Tepung Bakso Mamasuka merupakan tepung yang dipadu dengan bahan dan bumbu pillihan yang berkualitas, sehingga menghasilkan tepung bakso yang berfungsi sebagai bahan tambahan membuat aneka Bakso, Siomay dan Otak-otak menjadi lebih halus, kenya";711f4631220bbe4ee6f3853189bf0a02.jpg;9877a9f0188210fbe6effb22100552f3.jpg;5a29b6cddc7dfec51609036cdf8107bb.jpg;"' '";"' '";"' '";"' '";"' '";"' '";"' '"""
"""https://shopee.co.id/MamaSuka---Bumbu-Soto-Ayam-20-gr--1pcs-.267130746.4738745051";267130746;4738745051;;"MamaSuka - Bumbu Soto Ayam 20 gr (1pcs)";129;Mamasuka;1360;1700;20;288;129;"Bumbu Soto Ayam MamaSuka merupakan bumbu lengkap dari bahan alami berbentuk powder untuk membumbui masakan rasa khas Indonesia.";c2a9a2972acffc50a20df450d3d26d7d.jpg;b97b7e23e349d35de87f1eda3f180eb1.jpg;f5af696af49ea31f55cb304fcf7ee70c.jpg;"' '";"' '";"' '";"' '";"' '";"' '";"' '"""
"""https://shopee.co.id/MamaSuka---Rumput-Laut-Panggang-Isi-2.267130746.3238112928";267130746;3238112928;;"MamaSuka - Rumput Laut Panggang Isi 2";75;Mamasuka;9200;11500;20;251;75;"Rumput Laut Kering Panggang MamaSuka merupakan bahan makanan, berupa lembaran rumput laut yang dipanggang 2 kali dengan minyak zaitun, minyak jagung, dan minyak wijen kemudian ditaburi garam halus. Makanan ini kaya serat, vitamin dan mineral serta rendah kolesterol, karena rumput laut punya manfaat baik untuk kesehatan. Salah satunya meningkatkan kesehatan jantung berkat kandungan asam lemak omega-3 dan antioksidan untuk meningkatkan kesehatan jantu";af8c210fd2f3387f6c0747c36dd7fc8a.jpg;6deb33f15327b163a106fc058390363a.jpg;bff54bba87783e21f27476ed75dc237d.jpg;b04216cd4b30de6eaf60f85424bae16d.jpg;5693752a49b95fc3da962b79909acbdd.jpg;"' '";"' '";"' '";"' '";"' '"""
"""https://shopee.co.id/MamaSuka-Japchae-Original-111-Gr---Ready-To-Cook.267130746.4888261809";267130746;4888261809;;"MamaSuka Japchae Original 111 Gr - Ready To Cook";23;Mamasuka;6900;11564;40;247;23;"Hidangan instant khas Korea yang praktis, mudah dan lezat ( Rasa Kuliner Korea dalam 5 menit )- Harga ekonomis / kompetitif- Halal- Cepat dan mudah disajikan- Terdapat topping wortel & daun bawang- Terdapat 2 varian ( Original & Spicy )CARA MASAK1. Rebus sohun dan sayuran kering dalam 400 ml air selama +- 4 menit hingga matang                                                                                           2. Kemudian angkat, dan tiriskan sohun beserta sayuran 3. Siapkan piring,masukkan sohun yang sudah ditiriskan, tambahkan minyak wijen dan saus,kemudian aduk rataTips : Untuk campuran dapat ditambahkan sayuran, daging sapi, jamur atau sesuai se";57fe2466a7d2e10f31818e651c517e64.jpg;f6bb675caae3fb4cecf165c3ac0b3f87.jpg;"' '";"' '";"' '";"' '";"' '";"' '";"' '";"' '"""
"""https://shopee.co.id/Chung-Jung-One---Dried-Seaweed-50-gr.267130746.5740307197";267130746;5740307197;;"Chung Jung One - Dried Seaweed 50 gr";15;"Chung Jung One";25000;0;0;240;15;"Dried Seaweed ( Ganggang Laut / Rumput Laut ) ini digunakan untuk sup atau campuran masakan sayuran atau berkuah. bahan utama untuk membuat Sup Rumput Laut khas Korea, dimana makanan tsb biasa disajikan pada acara2 terte";e6fc8a1d8bcf1ae539186e9568332ee8.jpg;d74692931672b3a6cc5f112a733ce091.jpg;"' '";"' '";"' '";"' '";"' '";"' '";"' '";"' '"""
"""https://shopee.co.id/MamaSuka---Bon-Nori-Spicy---Botol-30-gr.267130746.3738045981";267130746;3738045981;;"MamaSuka - Bon Nori Spicy - Botol 30 gr";37;Mamasuka;11600;14500;20;235;37;"Bon Nori Pedas MamaSuka ini hadir jadi pelengkap menu makanan para Foodlovers! Praktis dan rasanya bikin nagih. Bon Nori ini terbuat dari perpaduan rumput laut panggang, bawang goreng, wijen, serta rasa pedas yang digunakan sebagai tambahan atau taburan untuk menu makanan. Seperti nasi hangat, mie, soto, bubur ayam, dan lainnya. Sensasi pedasnya enak bang";035ae4afcd11d496e771bebac3840158.jpg;8609e1da1389b0dca26d50f4b4d758c9.jpg;67e41000efe6d022faeaf70098b5a8cc.jpg;fa956c65f128d12b3b6bc0ed5ffda36b.jpg;"' '";"' '";"' '";"' '";"' '";"' '"""
"""https://shopee.co.id/MamaSuka---Agar-agar-Hallow-7-gr.267130746.3438805313";267130746;3438805313;Warna;"MamaSuka - Agar-agar Hallow 7 gr";88;Mamasuka;2920;3650;20;229;88;"Tepung agar-agar Hallow merupakan tepung agar-agar yang sudah ditambah dengan vanila dan pewarna makanan yang diizinkan, sebagai bahan untuk membuat aneka makanan yang berbasis agar-agar, puding, dan sebaga";b3c29303ff318b025cee778d12b92105.jpg;e6729039f45a00844a2e3a0521742290.jpg;863dcda32a1a3ddfb726c77a1fc612cb.jpg;9cfeea15914a2dbca2736c1e086754f3.jpg;6da6fb0462957ca3e7e15ddafabe801c.jpg;Merah;Cokelat;"' '";"' '";"' '"""
"""https://shopee.co.id/Paket-Duo---MamaSuka-Rumput-Laut-Panggang-Salted-Egg--4-pcs-.267130746.4455682315";267130746;4455682315;;"Paket Duo - MamaSuka Rumput Laut Panggang Salted Egg (4 pcs)";208;Mamasuka;17250;23000;25;218;208;"Paket Duo - MamaSuka Rumput Laut Panggang Salted Egg (4 pcs)Rumput Laut Kering Panggang Telur Asin MamaSuka merupakan bahan makanan, berupa lembaran rumput laut yang dipanggang 2 kali dengan minyak zaitun, minyak jagung, dan minyak wijen kemudian ditaburi garam halus. Makanan ini kaya serat, vitamin dan mineral serta rendah kolesterol, karena rumput laut punya manfaat baik untuk kesehatan. Salah satunya meningkatkan kesehatan jantung berkat kandungan asam lemak omega-3 dan antioksidan untuk meningkatkan kesehatan jan";80733a7a2f1931bf488d9f03b04bee82.jpg;179e050c6e187479fcf27c802a517ee5.jpg;ac8c1e8775d121a0971800a4000d6212.jpg;"' '";"' '";"' '";"' '";"' '";"' '";"' '"""
"""https://shopee.co.id/MamaSuka--Bon-Nori---Ebi-60-gr.267130746.11947052101";267130746;11947052101;;"MamaSuka Bon Nori - Ebi 60 gr";785;;20000;25000;20;218;785;"BARU!!! Bon NoriMamaSukarasa Ebi hadir jadi pelengkap menu makanan para Foodlovers! Praktis dan rasanya bikin nagih. Perpaduan Rumput Laut (GIM) dengan rasa EBI yang bener berasa. Potongan Ebi yang menyatu dalam setiap rumput laut. Bikin kamu jadi makin enak untuk Makan! Bon Nori ini terbuat dari perpaduan rumput laut (GIM) panggang, bawang goreng dan wijen yang digunakan sebagai tambahan atau taburan untuk menu makanan.Seperti nasi hangat, mie, soto, bubur ayam, dan lainnya. Taburan rumput laut (GIM) lebih banyak! Bon Nori Makan apa saja TaburSuka-suka, jadikan makan mu lebik ni";82bdd3d1307ea5bb2150d7a6d6996ed3.jpg;cbde42b654205c34e269e40c66492bd5.jpg;"' '";"' '";"' '";"' '";"' '";"' '";"' '";"' '"""
"""https://shopee.co.id/-Bundling--Paket-Combo-MamaSuka-Rumput-Laut-Panggang-Pedas---5-pack.267130746.4451552512";267130746;4451552512;;"[Bundling] Paket Combo MamaSuka Rumput Laut Panggang Pedas - 5 pack";220;;43125;57500;25;217;220;"Rumput Laut Kering Panggang Pedas MamaSuka merupakan bahan makanan, berupa lembaran rumput laut yang dipanggang 2 kali dengan minyak zaitun, minyak jagung, dan minyak wijen kemudian ditaburi garam halus. Makanan ini kaya serat, vitamin dan mineral serta rendah kolesterol, karena rumput laut punya manfaat baik untuk kesehatan. Salah satunya meningkatkan kesehatan jantung berkat kandungan asam lemak omega-3 dan antioksidan untuk meningkatkan kesehatan jan";b0249053b6bde482a33c8c7dbdc0b650.jpg;1fd08eb779aad16e00580a9981fa9790.jpg;30d6bb106d0f627247c1ff0db97891d9.jpg;"' '";"' '";"' '";"' '";"' '";"' '";"' '"""
"""https://shopee.co.id/-Bundling--MamaSuka-Paket-Hemat-Bon-Nori-60-gr---3-pcs.267130746.4351552572";267130746;4351552572;;"[Bundling] MamaSuka Paket Hemat Bon Nori 60 gr - 3 pcs";82;;56925;75900;25;215;82;"Bon Nori MamaSuka rasa original hadir jadi pelengkap menu makanan para Foodlovers! Praktis dan rasanya bikin nagih. Bon Nori ini terbuat dari perpaduan rumput laut panggang, bawang goreng dan wijen yang digunakan sebagai tambahan atau taburan untuk menu makanan.Seperti nasi hangat, mie, soto, bubur ayam, dan lai";0c18b1ecf12cec69941da4f1974df007.jpg;9b5e360a0d816eb46850e94b73be9f47.jpg;a9551ed546e248654fd319dd00f4df30.jpg;"' '";"' '";"' '";"' '";"' '";"' '";"' '"""
